city_id,city_name,city_center_lat,city_center_lng,city_bounds
1,CityA,40.730610,-73.935242,"[[-73.935242, 40.730610], [-73.935242, 40.735610], [-73.930242, 40.735610], [-73.930242, 40.730610], [-73.935242, 40.730610]]"
2,CityB,37.774929,-122.419416,"[[-122.419416, 37.774929], [-122.419416, 37.779929], [-122.414416, 37.779929], [-122.414416, 37.774929], [-122.419416, 37.774929]]"
