cluster_id,city_id,cluster_name,cluster_polygon
1,1,ClusterA,"[[-73.935242, 40.730610], [-73.935242, 40.732610], [-73.933242, 40.732610], [-73.933242, 40.730610], [-73.935242, 40.730610]]"
2,1,ClusterB,"[[-73.933242, 40.732610], [-73.933242, 40.735610], [-73.931242, 40.735610], [-73.931242, 40.732610], [-73.933242, 40.732610]]"
3,2,ClusterC,"[[-122.419416, 37.774929], [-122.419416, 37.776929], [-122.417416, 37.776929], [-122.417416, 37.774929], [-122.419416, 37.774929]]"
4,2,ClusterD,"[[-122.417416, 37.776929], [-122.417416, 37.779929], [-122.414416, 37.779929], [-122.414416, 37.776929], [-122.417416, 37.776929]]"
